{
	"train_kt_acc_single": [0.9382977529593403, 0.9357055311242795, 0.9746685125897425, 0.9737821976564855, 0.9869033932188456, 0.9868232583800676, 0.992506426672279, 0.9922309924067311, 0.9914627675386729, 0.9912899163485568, 0.9950293903556421, 0.9943774610716378, 0.9949037330289875, 0.9947829573973496, 0.9947501122122514, 0.9948896732549176, 0.9952367101906072, 0.9952084136937689, 0.9950728641100155, 0.9950009276870229, 0.9956512566816492, 0.9962419102354407, 0.9953268218438384, 0.9947641067445195, 0.9949925251315466, 0.9949031006726171, 0.9955087758818323, 0.9954951960121972, 0.9968685767249371, 0.9967019490804394, 0.995814137233315, 0.9965024595880707, 0.9967400147702664, 0.9968711132383148, 0.9973047948928138, 0.9974862936474849, 0.9976320830024831, 0.9971285025914289, 0.9976984359044193, 0.9975811719314114, 0.9974437563243596, 0.9976718470101894, 0.9971275936827706],
	"train_kt_acc_every": [0.27573018080667594, 0.26286509040333794, 0.5723226703755215, 0.558066759388039, 0.7468706536856745, 0.7489568845618915, 0.8417941585535466, 0.8379694019471489, 0.8299721835883171, 0.8264951321279554, 0.8963838664812239, 0.8821279554937413, 0.8876912378303199, 0.8869958275382476, 0.8911682892906815, 0.8946453407510431, 0.8960361613351877, 0.8974269819193325, 0.8929068150208623, 0.8915159944367177, 0.9095966620305981, 0.9165507649513213, 0.9012517385257302, 0.8915159944367177, 0.8946453407510431, 0.8911682892906815, 0.9002086230876217, 0.8988178025034771, 0.9318497913769124, 0.9262865090403338, 0.9155076495132128, 0.9255910987482615, 0.9273296244784422, 0.9301112656467315, 0.9401947148817803, 0.9447148817802503, 0.950278164116829, 0.9384561891515995, 0.9499304589707928, 0.9478442280945758, 0.9468011126564673, 0.9478442280945758, 0.9381084840055632],
	"train_kt_acc_right": [0.9476305376505155, 0.9491888175048815, 0.9727773514261497, 0.972010063217313, 0.9913829885868768, 0.9909142297232765, 0.9974024561499355, 0.9974093342275049, 0.9864456229771957, 0.9861298914537642, 0.9937029204879252, 0.9934654191488682, 0.9978045083385515, 0.9981108822643509, 0.9920990860429029, 0.9917285151375517, 0.9985241054327996, 0.9977126998181801, 0.9993654310454579, 0.999135982177851, 0.9962740620502345, 0.9982892419101466, 0.9957745794792334, 0.9946203273675703, 0.9963223330251696, 0.9982505698943502, 0.9982647982857323, 0.9978840615968213, 0.9966001628751715, 0.9962672007183372, 0.9956848562509858, 0.9973276709730999, 0.9969069642301064, 0.9970970213910635, 0.9969627147589671, 0.9974286022371974, 0.998013699833972, 0.9975207390805113, 0.9978030463667672, 0.997949041851041, 0.9963954641109382, 0.9971816483392835, 0.996852563302938],
	"train_kt_acc_wrong": [0.8875648091665064, 0.8761093013185454, 0.9614864259087824, 0.958770669198832, 0.9716510795502404, 0.9716380703598468, 0.9796149781250987, 0.9786344576362774, 0.9963981540295942, 0.9960740726746836, 0.9957544891078217, 0.9940817270308775, 0.9873868104313942, 0.9863362921627241, 0.9962485928777528, 0.9967522661775475, 0.9872580393630705, 0.9883752482656974, 0.9842795347471065, 0.984474089861911, 0.9936869630644484, 0.9918690480923951, 0.9925709246179822, 0.9923077799348738, 0.9901582269161235, 0.98736416584759, 0.9894884785790106, 0.989401202374274, 0.9952026521877718, 0.9956162772523511, 0.9951220332166913, 0.9944132362105087, 0.9952599848510493, 0.9957571997513194, 0.9970855329481053, 0.9968795551295406, 0.9968514054060313, 0.9958211206759796, 0.9968252909863277, 0.9961544615171217, 0.9975586426191768, 0.9972223781246138, 0.9966839320636426],
	"test_kt_acc_single": [0.9389818280700624, 0.9356828855717276, 0.9753867033898361, 0.9746742731942906, 0.9863757091244375, 0.9855633837970224, 0.9922431315962724, 0.9916854630305072, 0.9904835171586885, 0.9905703885348763, 0.9936278885743749, 0.9928656793954804, 0.9944475885451309, 0.9943664512296361, 0.9941303234400711, 0.9943203949552821, 0.9943164436835942, 0.9943796943491838, 0.9944258214920525, 0.9943796032057034, 0.9948073762608325, 0.9953887591211814, 0.9950098516434196, 0.9943565303885092, 0.9941971249467745, 0.9943214758174626, 0.9946395567082983, 0.9947774211252768, 0.9960729081799665, 0.9959195425191264, 0.9946454787817527, 0.9954199385455275, 0.9956997976528378, 0.9957926307137557, 0.9965805761457428, 0.996934539783658, 0.9968410938743532, 0.9968124599907342, 0.9969504678343225, 0.9963626131298036, 0.9969325000845541, 0.9968845287645896, 0.9960893461084741],
	"test_kt_acc_every": [0.2952755905511811, 0.27086614173228346, 0.5803149606299213, 0.5708661417322834, 0.7448818897637796, 0.7338582677165354, 0.8433070866141732, 0.8346456692913385, 0.8188976377952756, 0.8212598425196851, 0.8708661417322835, 0.8574803149606299, 0.8866141732283465, 0.8850393700787401, 0.8803149606299212, 0.8834645669291339, 0.8842519685039371, 0.8866141732283465, 0.8874015748031496, 0.8818897637795275, 0.8929133858267716, 0.9031496062992126, 0.8937007874015748, 0.8826771653543307, 0.8881889763779528, 0.8850393700787401, 0.8929133858267716, 0.8952755905511811, 0.9204724409448819, 0.915748031496063, 0.8968503937007875, 0.9070866141732283, 0.9110236220472441, 0.9133858267716536, 0.9283464566929134, 0.9338582677165355, 0.9377952755905512, 0.9307086614173228, 0.9385826771653544, 0.926771653543307, 0.9354330708661417, 0.9330708661417323, 0.9236220472440945],
	"test_kt_acc_right": [0.9495078107503455, 0.9500320810971298, 0.9716468119245815, 0.9713068073190103, 0.9908291692808857, 0.9899180998013715, 0.9965472473872928, 0.9962664132043133, 0.9850804376789905, 0.9855710766446872, 0.9915025749544459, 0.9914367375411387, 0.9971462323909669, 0.9975136899572657, 0.9913057141416655, 0.9915365715665141, 0.9978711367592098, 0.9976488787358201, 0.9990807911542456, 0.9987218416581942, 0.9963270140445138, 0.9976434685113862, 0.9960504164845925, 0.9951329426502619, 0.9960386768100769, 0.996665497652189, 0.9970632384142538, 0.9970641994100856, 0.9961256021589745, 0.9961306295995637, 0.9955235690582456, 0.996588618173374, 0.9959183053707513, 0.9958284333934934, 0.9958821292937271, 0.9962996480033154, 0.9974077808575368, 0.9973790500107713, 0.9971016702689524, 0.996685283578287, 0.9967426315067321, 0.9970164883793808, 0.9960788848831897],
	"test_kt_acc_wrong": [0.8850274651538669, 0.8716372898244482, 0.9603773947775833, 0.957888915407376, 0.9713600740658017, 0.969429074591539, 0.978116458138143, 0.9764303219599987, 0.9947385566441093, 0.9944475821622714, 0.9933746678622689, 0.9909271008386387, 0.9849156769241874, 0.9841407639773811, 0.9957641734851627, 0.9958406499990328, 0.9857196707425155, 0.9857834848831958, 0.9821104077842292, 0.9825875045746331, 0.9887168467514158, 0.9879973542033218, 0.9907508320695771, 0.9906726913189324, 0.9880817224660258, 0.986469905489073, 0.985529529015849, 0.9865157070122366, 0.9937297606092739, 0.9935719008520832, 0.9894402714226189, 0.9898866901247521, 0.9927267148738771, 0.9931419553719167, 0.995666048376579, 0.9959126472473144, 0.9940325068676565, 0.994106812833801, 0.9948904134157136, 0.9933791569837435, 0.9961597983292707, 0.994412330004174, 0.9933723422486013],
	"train_ec_acc_every": [0.013117283950617283, 0.12885802469135801, 0.16203703703703703, 0.16820987654320987, 0.18287037037037038, 0.18904320987654322, 0.19521604938271606, 0.22530864197530864, 0.24768518518518517, 0.26774691358024694, 0.2800925925925926, 0.2862654320987654, 0.30092592592592593, 0.32407407407407407, 0.32947530864197533, 0.3402777777777778, 0.3873456790123457, 0.4807098765432099, 0.6057098765432098, 0.6535493827160493, 0.6805555555555556, 0.6844135802469136, 0.7044753086419753, 0.7029320987654321, 0.7037037037037037, 0.5871913580246914, 0.5686728395061729, 0.6057098765432098, 0.7376543209876543, 0.7824074074074074, 0.8047839506172839, 0.8171296296296297, 0.7993827160493827, 0.7646604938271605, 0.8009259259259259, 0.8194444444444444, 0.7878086419753086, 0.8024691358024691, 0.8001543209876543, 0.8009259259259259, 0.8395061728395061, 0.8765432098765432, 0.8595679012345679],