{
	"train_ec_acc_every": [0.009259259259259259, 0.016975308641975308, 0.016975308641975308, 0.08564814814814815, 0.1388888888888889, 0.17669753086419754, 0.16358024691358025, 0.17824074074074073, 0.1736111111111111, 0.17978395061728394, 0.17669753086419754, 0.18055555555555555, 0.19290123456790123, 0.19675925925925927, 0.20833333333333334, 0.20833333333333334, 0.2199074074074074, 0.22145061728395063, 0.22762345679012347, 0.24382716049382716, 0.25540123456790126, 0.2515432098765432, 0.2654320987654321, 0.2716049382716049, 0.2762345679012346, 0.2932098765432099, 0.2847222222222222, 0.2986111111111111, 0.30324074074074076, 0.2839506172839506, 0.3248456790123457, 0.32947530864197533, 0.4390432098765432, 0.4567901234567901, 0.4930555555555556, 0.4351851851851852, 0.4992283950617284, 0.5393518518518519, 0.5501543209876543, 0.5455246913580247, 0.5895061728395061, 0.5185185185185185, 0.5748456790123457, 0.5216049382716049, 0.5671296296296297, 0.566358024691358, 0.5694444444444444, 0.625, 0.6242283950617284, 0.6620370370370371, 0.6682098765432098, 0.720679012345679, 0.716820987654321, 0.6921296296296297, 0.7546296296296297, 0.7214506172839507, 0.7399691358024691, 0.7376543209876543, 0.7631172839506173, 0.8063271604938271, 0.7970679012345679, 0.7986111111111112, 0.8225308641975309, 0.8186728395061729],
	"train_ec_acc_partof": [0.013117283950617283, 0.02854938271604938, 0.1404320987654321, 0.13271604938271606, 0.24151234567901234, 0.3595679012345679, 0.30787037037037035, 0.3464506172839506, 0.35262345679012347, 0.3541666666666667, 0.3395061728395062, 0.3441358024691358, 0.3595679012345679, 0.35802469135802467, 0.38580246913580246, 0.38348765432098764, 0.39351851851851855, 0.40046296296296297, 0.4097222222222222, 0.4220679012345679, 0.4251543209876543, 0.4251543209876543, 0.4359567901234568, 0.44135802469135804, 0.44290123456790126, 0.45987654320987653, 0.4575617283950617, 0.4645061728395062, 0.4683641975308642, 0.4637345679012346, 0.4992283950617284, 0.5123456790123457, 0.6450617283950617, 0.6535493827160493, 0.6921296296296297, 0.6435185185185185, 0.7152777777777778, 0.746141975308642, 0.75, 0.7677469135802469, 0.779320987654321, 0.7361111111111112, 0.7770061728395061, 0.7407407407407407, 0.7754629629629629, 0.7600308641975309, 0.7662037037037037, 0.8202160493827161, 0.8395061728395061, 0.8433641975308642, 0.8472222222222222, 0.8518518518518519, 0.8611111111111112, 0.8742283950617284, 0.8572530864197531, 0.8695987654320988, 0.8773148148148148, 0.8533950617283951, 0.8425925925925926, 0.8780864197530864, 0.8549382716049383, 0.8657407407407407, 0.8765432098765432, 0.8966049382716049],
	"train_ec_acc_single": [0.6795910493827161, 0.7022569444444444, 0.7200038580246914, 0.7709297839506173, 0.7978395061728395, 0.8128858024691358, 0.8098958333333334, 0.8166473765432098, 0.8205054012345679, 0.8221450617283951, 0.8201195987654321, 0.8214699074074074, 0.8267746913580247, 0.8272569444444444, 0.8336226851851852, 0.8334297839506173, 0.8391203703703703, 0.8406635802469136, 0.8492476851851852, 0.8557098765432098, 0.8583140432098766, 0.8587962962962963, 0.8628472222222222, 0.8659336419753086, 0.8672839506172839, 0.8716242283950617, 0.8702739197530864, 0.8754822530864198, 0.8753858024691358, 0.8702739197530864, 0.8803047839506173, 0.8817515432098766, 0.902295524691358, 0.9068287037037037, 0.9148341049382716, 0.9042245370370371, 0.9157021604938271, 0.9230324074074074, 0.9262152777777778, 0.9249614197530864, 0.9329668209876543, 0.919945987654321, 0.9309413580246914, 0.9211033950617284, 0.9275655864197531, 0.9280478395061729, 0.9290123456790124, 0.9390432098765432, 0.9397183641975309, 0.9456983024691358, 0.9474344135802469, 0.9561149691358025, 0.9561149691358025, 0.9506172839506173, 0.9625771604938271, 0.9576581790123457, 0.9619020061728395, 0.9594907407407407, 0.9656635802469136, 0.9712577160493827, 0.9707754629629629, 0.9702932098765432, 0.9738618827160493, 0.9730902777777778],
	"test_ec_acc_every": [0.015625, 0.046875, 0.041666666666666664, 0.07291666666666667, 0.10416666666666667, 0.18229166666666666, 0.15104166666666666, 0.17708333333333334, 0.17708333333333334, 0.18229166666666666, 0.19270833333333334, 0.17708333333333334, 0.19270833333333334, 0.171875, 0.1875, 0.18229166666666666, 0.171875, 0.17708333333333334, 0.18229166666666666, 0.17708333333333334, 0.171875, 0.17708333333333334, 0.171875, 0.17708333333333334, 0.18229166666666666, 0.171875, 0.19270833333333334, 0.16666666666666666, 0.171875, 0.16145833333333334, 0.171875, 0.17708333333333334, 0.2708333333333333, 0.2552083333333333, 0.2760416666666667, 0.2708333333333333, 0.296875, 0.2760416666666667, 0.28125, 0.28125, 0.2760416666666667, 0.28125, 0.2760416666666667, 0.28125, 0.296875, 0.2760416666666667, 0.2916666666666667, 0.3177083333333333, 0.3333333333333333, 0.3072916666666667, 0.328125, 0.3229166666666667, 0.3177083333333333, 0.3020833333333333, 0.3333333333333333, 0.2916666666666667, 0.296875, 0.3333333333333333, 0.3229166666666667, 0.3020833333333333, 0.3229166666666667, 0.3125, 0.3072916666666667, 0.328125],
	"test_ec_acc_partof": [0.026041666666666668, 0.06770833333333333, 0.125, 0.13541666666666666, 0.2552083333333333, 0.3958333333333333, 0.3177083333333333, 0.3802083333333333, 0.3802083333333333, 0.4010416666666667, 0.4010416666666667, 0.3697916666666667, 0.375, 0.375, 0.390625, 0.390625, 0.3854166666666667, 0.3854166666666667, 0.3802083333333333, 0.4114583333333333, 0.3958333333333333, 0.4114583333333333, 0.40625, 0.4010416666666667, 0.40625, 0.390625, 0.4010416666666667, 0.3958333333333333, 0.3854166666666667, 0.390625, 0.3958333333333333, 0.390625, 0.5052083333333334, 0.5260416666666666, 0.5364583333333334, 0.5260416666666666, 0.53125, 0.5364583333333334, 0.5208333333333334, 0.5052083333333334, 0.5208333333333334, 0.53125, 0.53125, 0.5208333333333334, 0.5625, 0.5364583333333334, 0.5416666666666666, 0.5520833333333334, 0.546875, 0.5208333333333334, 0.5416666666666666, 0.5416666666666666, 0.5364583333333334, 0.5208333333333334, 0.5520833333333334, 0.5104166666666666, 0.5208333333333334, 0.546875, 0.5416666666666666, 0.5208333333333334, 0.5364583333333334, 0.546875, 0.5520833333333334, 0.5520833333333334],
	"test_ec_acc_single": [0.6907552083333334, 0.712890625, 0.7233072916666666, 0.7701822916666666, 0.7981770833333334, 0.8216145833333334, 0.8125, 0.8229166666666666, 0.8268229166666666, 0.8248697916666666, 0.828125, 0.8216145833333334, 0.8274739583333334, 0.8229166666666666, 0.8294270833333334, 0.828125, 0.82421875, 0.828125, 0.8287760416666666, 0.830078125, 0.8365885416666666, 0.8385416666666666, 0.8359375, 0.837890625, 0.8352864583333334, 0.83203125, 0.8326822916666666, 0.8326822916666666, 0.833984375, 0.8359375, 0.837890625, 0.8385416666666666, 0.8561197916666666, 0.8580729166666666, 0.8580729166666666, 0.8619791666666666, 0.8639322916666666, 0.8606770833333334, 0.8639322916666666, 0.861328125, 0.859375, 0.8619791666666666, 0.8619791666666666, 0.86328125, 0.8658854166666666, 0.8600260416666666, 0.8645833333333334, 0.8658854166666666, 0.8658854166666666, 0.86328125, 0.8665364583333334, 0.8600260416666666, 0.8606770833333334, 0.859375, 0.8626302083333334, 0.85546875, 0.8561197916666666, 0.8626302083333334, 0.861328125, 0.857421875, 0.8600260416666666, 0.8587239583333334, 0.8606770833333334, 0.8626302083333334],