{
	"train_ec_acc_every": [0.014423076923076924, 0.035256410256410256, 0.08012820512820513, 0.11778846153846154, 0.15865384615384615, 0.13942307692307693, 0.1762820512820513, 0.0921474358974359, 0.18830128205128205, 0.19230769230769232, 0.19791666666666666, 0.19471153846153846, 0.20352564102564102, 0.20592948717948717, 0.22355769230769232, 0.2283653846153846, 0.2299679487179487, 0.23637820512820512, 0.24919871794871795, 0.2668269230769231, 0.27163461538461536, 0.265224358974359, 0.2844551282051282, 0.28525641025641024, 0.30528846153846156, 0.31009615384615385, 0.30689102564102566, 0.3060897435897436, 0.3141025641025641, 0.31169871794871795, 0.30849358974358976, 0.29967948717948717, 0.3525641025641026, 0.3886217948717949, 0.4198717948717949, 0.46153846153846156, 0.452724358974359, 0.5224358974358975, 0.5697115384615384, 0.5264423076923077, 0.6177884615384616, 0.6097756410256411, 0.6474358974358975, 0.5761217948717948, 0.5841346153846154, 0.5873397435897436, 0.5608974358974359, 0.5961538461538461, 0.561698717948718, 0.5392628205128205, 0.5392628205128205, 0.6482371794871795, 0.6594551282051282, 0.6674679487179487, 0.7443910256410257, 0.7668269230769231],
	"train_ec_acc_partof": [0.022435897435897436, 0.05929487179487179, 0.14022435897435898, 0.23157051282051283, 0.30528846153846156, 0.25801282051282054, 0.3717948717948718, 0.14423076923076922, 0.37419871794871795, 0.37900641025641024, 0.38461538461538464, 0.37580128205128205, 0.3766025641025641, 0.3782051282051282, 0.40224358974358976, 0.41426282051282054, 0.4198717948717949, 0.4238782051282051, 0.4358974358974359, 0.4439102564102564, 0.4407051282051282, 0.4358974358974359, 0.4567307692307692, 0.4719551282051282, 0.48157051282051283, 0.4863782051282051, 0.484775641025641, 0.4935897435897436, 0.4935897435897436, 0.48717948717948717, 0.4911858974358974, 0.4807692307692308, 0.5568910256410257, 0.5905448717948718, 0.6362179487179487, 0.6915064102564102, 0.6850961538461539, 0.717948717948718, 0.7892628205128205, 0.7219551282051282, 0.7924679487179487, 0.8012820512820513, 0.7988782051282052, 0.7604166666666666, 0.7884615384615384, 0.8036858974358975, 0.7628205128205128, 0.7940705128205128, 0.7548076923076923, 0.7323717948717948, 0.7211538461538461, 0.8229166666666666, 0.8068910256410257, 0.8213141025641025, 0.8589743589743589, 0.8709935897435898],
	"train_ec_acc_single": [0.7005208333333334, 0.7332732371794872, 0.7654246794871795, 0.7909655448717948, 0.8060897435897436, 0.8020833333333334, 0.8223157051282052, 0.7789463141025641, 0.8292267628205128, 0.8317307692307693, 0.8330328525641025, 0.8342347756410257, 0.8336338141025641, 0.8348357371794872, 0.8412459935897436, 0.8461538461538461, 0.8465544871794872, 0.8492588141025641, 0.8529647435897436, 0.859375, 0.86328125, 0.8612780448717948, 0.8686899038461539, 0.8715945512820513, 0.8790064102564102, 0.8810096153846154, 0.8796073717948718, 0.8800080128205128, 0.883613782051282, 0.8842147435897436, 0.8817107371794872, 0.8801081730769231, 0.891426282051282, 0.8982371794871795, 0.9052483974358975, 0.9108573717948718, 0.9107572115384616, 0.9224759615384616, 0.9305889423076923, 0.9237780448717948, 0.9382011217948718, 0.9377003205128205, 0.9452123397435898, 0.9315905448717948, 0.932792467948718, 0.9323918269230769, 0.9273838141025641, 0.9345953525641025, 0.9271834935897436, 0.9246794871794872, 0.9234775641025641, 0.9436097756410257, 0.9452123397435898, 0.946113782051282, 0.9607371794871795, 0.9639423076923077],
	"test_ec_acc_every": [0.0125, 0.025, 0.075, 0.1125, 0.16666666666666666, 0.13333333333333333, 0.17916666666666667, 0.08333333333333333, 0.18333333333333332, 0.18333333333333332, 0.18333333333333332, 0.1875, 0.17916666666666667, 0.175, 0.17916666666666667, 0.18333333333333332, 0.1875, 0.19166666666666668, 0.17916666666666667, 0.1875, 0.1875, 0.19583333333333333, 0.19583333333333333, 0.1875, 0.19583333333333333, 0.175, 0.2125, 0.20416666666666666, 0.20833333333333334, 0.2, 0.20416666666666666, 0.22083333333333333, 0.21666666666666667, 0.22916666666666666, 0.25, 0.25, 0.2708333333333333, 0.275, 0.2833333333333333, 0.2916666666666667, 0.2916666666666667, 0.2916666666666667, 0.2833333333333333, 0.3, 0.2875, 0.2875, 0.29583333333333334, 0.3, 0.2875, 0.275, 0.2833333333333333, 0.3125, 0.3, 0.30833333333333335, 0.325, 0.32083333333333336],
	"test_ec_acc_partof": [0.029166666666666667, 0.05, 0.14166666666666666, 0.24166666666666667, 0.32916666666666666, 0.26666666666666666, 0.375, 0.14583333333333334, 0.3625, 0.36666666666666664, 0.36666666666666664, 0.36666666666666664, 0.3541666666666667, 0.35, 0.3541666666666667, 0.36666666666666664, 0.37916666666666665, 0.39166666666666666, 0.36666666666666664, 0.37083333333333335, 0.35833333333333334, 0.3541666666666667, 0.3625, 0.3625, 0.3625, 0.3458333333333333, 0.375, 0.36666666666666664, 0.3625, 0.37083333333333335, 0.37083333333333335, 0.4041666666666667, 0.4125, 0.42916666666666664, 0.4583333333333333, 0.4791666666666667, 0.48333333333333334, 0.49583333333333335, 0.5375, 0.5291666666666667, 0.5208333333333334, 0.525, 0.5291666666666667, 0.525, 0.5166666666666667, 0.5333333333333333, 0.55, 0.5458333333333333, 0.5166666666666667, 0.5, 0.5125, 0.5416666666666666, 0.5416666666666666, 0.5375, 0.5625, 0.5625],
	"test_ec_acc_single": [0.7026041666666667, 0.7302083333333333, 0.7614583333333333, 0.7864583333333334, 0.8078125, 0.8005208333333333, 0.8197916666666667, 0.7776041666666667, 0.8223958333333333, 0.8213541666666667, 0.8229166666666666, 0.825, 0.8229166666666666, 0.8182291666666667, 0.8208333333333333, 0.828125, 0.8255208333333334, 0.8223958333333333, 0.8197916666666667, 0.8239583333333333, 0.828125, 0.8270833333333333, 0.8265625, 0.8161458333333333, 0.821875, 0.8234375, 0.828125, 0.8276041666666667, 0.8291666666666667, 0.8302083333333333, 0.8286458333333333, 0.8359375, 0.8395833333333333, 0.8432291666666667, 0.84375, 0.8479166666666667, 0.8515625, 0.8541666666666666, 0.8588541666666667, 0.8572916666666667, 0.8598958333333333, 0.8604166666666667, 0.8609375, 0.8619791666666666, 0.8588541666666667, 0.8630208333333333, 0.8651041666666667, 0.8625, 0.8598958333333333, 0.8583333333333333, 0.8588541666666667, 0.8666666666666667, 0.8640625, 0.8645833333333334, 0.8677083333333333, 0.8697916666666666],
	"train_ec_recall": [0.7197531117842748, 0.7063317061998905, 0.679956465959549, 0.668070830595799, 0.6632631573921595, 0.6797561133519198, 0.6373551881466156, 0.6869008327141787, 0.6178574248766288, 0.6270721145929434, 0.6308113970817664, 0.6329481280767001, 0.6492407665802882, 0.6766177431131021, 0.6673362851142883, 0.6713426311810812, 0.687034316551991, 0.6918419882273062, 0.7198199148361499, 0.7273652866864816, 0.7352445010955517, 0.761619834563671, 0.7845897643994062, 0.803620097728876, 0.8092958216483777, 0.8154389231632917, 0.8074261316886315, 0.802752021031502, 0.8135024836430182, 0.8105644652476678, 0.8031526337831448, 0.7867931991051405, 0.8119666775067648, 0.8096296130082546, 0.8112321771108187, 0.8000142612518408, 0.7978107486015711, 0.8225168272470816, 0.833868268208626, 0.810631200289115, 0.8423484647885348, 0.8451529397414281, 0.8589082184510354, 0.8288602737280039, 0.826389668079523, 0.8230510002527481, 0.8055564134548872, 0.8247870978636619, 0.8136359804715866, 0.8027519407944802, 0.7958075174918542, 0.8410129875708849, 0.8482244947017767, 0.845620334912569, 0.8898241978425246, 0.8967686150318537],