{
	"train_kt_acc_single": [0.7283318086043417, 0.7283318086043417, 0.7283318086043417, 0.7283318086043417, 0.7970183728127506, 0.8100889588201512, 0.8192147579273032, 0.8269654938628553, 0.8319754264208191, 0.8365935097193585, 0.8398588313070755, 0.842848066178114, 0.8450891805094713, 0.846284874324692, 0.8482944795539259, 0.8498641016097043, 0.8509613538587559, 0.8517431563505248, 0.8529475627664748, 0.8534027364666902, 0.8545581818292927, 0.8549414583424616, 0.8557299958261032, 0.8562433606419484, 0.8567242179502988],
	"train_kt_acc_every": [0.030027932960893854, 0.030027932960893854, 0.030027932960893854, 0.030027932960893854, 0.031773743016759774, 0.023044692737430168, 0.022695530726256984, 0.03037709497206704, 0.03037709497206704, 0.031075418994413406, 0.031075418994413406, 0.03247206703910614, 0.03212290502793296, 0.03317039106145252, 0.0335195530726257, 0.033868715083798885, 0.034217877094972066, 0.034217877094972066, 0.03456703910614525, 0.0356145251396648, 0.0356145251396648, 0.0356145251396648, 0.037011173184357544, 0.036312849162011177, 0.03910614525139665],
	"train_kt_acc_right": [1.0, 1.0, 1.0, 1.0, 0.8857418411936839, 0.7507725094949733, 0.749143457279525, 0.760342973237597, 0.7669641668570109, 0.7723219045047653, 0.7774210612201158, 0.7819809993552096, 0.7877795669619597, 0.7898225408026626, 0.794312997570251, 0.797317879825997, 0.800409643343707, 0.7995357503438129, 0.8024473440047749, 0.8024890635932624, 0.8076371910185788, 0.8084157055982665, 0.8075934871614978, 0.8085385287940169, 0.8107025939659034],
	"train_kt_acc_wrong": [0.4169050624916673, 0.4169050624916673, 0.4169050624916673, 0.4169050624916673, 0.5727508882237546, 0.7000262464224959, 0.7311332472209824, 0.7444567750286124, 0.756138410981141, 0.7674307476874836, 0.7757364218461447, 0.7844209890791823, 0.7902090043328994, 0.7970451502826627, 0.803816639178292, 0.8088763509382749, 0.8109432575422958, 0.8173536062240601, 0.8214952492847123, 0.8251972378299223, 0.8240603891164897, 0.825889696622028, 0.8296568307130696, 0.8307242709831153, 0.8309775860615949],
	"test_kt_acc_single": [0.7351933906349954, 0.7351933906349954, 0.7351933906349954, 0.7351933906349954, 0.8000182939481132, 0.8142480201359037, 0.8229208052912845, 0.8289747705942467, 0.8337873378886452, 0.8385142321828045, 0.8424272559866121, 0.8449152511886403, 0.846524875375289, 0.8483564461333842, 0.850247907487652, 0.8515719273422337, 0.8530496290967434, 0.8542364051070395, 0.8552064925809449, 0.855341985255857, 0.8564976453781128, 0.8570550793333899, 0.856896005853822, 0.8572124589847613, 0.8573734186872651],
	"test_kt_acc_every": [0.02689873417721519, 0.02689873417721519, 0.02689873417721519, 0.02689873417721519, 0.029272151898734177, 0.0245253164556962, 0.02610759493670886, 0.030063291139240507, 0.03481012658227848, 0.03243670886075949, 0.03164556962025317, 0.037183544303797465, 0.03560126582278481, 0.03639240506329114, 0.0379746835443038, 0.037183544303797465, 0.038765822784810125, 0.03560126582278481, 0.03560126582278481, 0.03560126582278481, 0.03560126582278481, 0.03639240506329114, 0.03401898734177215, 0.03560126582278481, 0.037183544303797465],
	"test_kt_acc_right": [1.0, 1.0, 1.0, 1.0, 0.8907438260090502, 0.7548930727982823, 0.75357586145401, 0.7624242071863971, 0.7687800964222679, 0.7750838708273972, 0.7801132368136056, 0.7840340250655066, 0.7874194323262081, 0.7898348026637789, 0.7940062027943285, 0.7965407929842985, 0.8000666650035714, 0.7984888855415054, 0.8011171764965299, 0.8010253529005413, 0.806732614583607, 0.8075393687320661, 0.8059687953961047, 0.8071596282946912, 0.8095760428452794],
	"test_kt_acc_wrong": [0.42865414634535587, 0.42865414634535587, 0.42865414634535587, 0.42865414634535587, 0.5781478312196611, 0.703194732152963, 0.7327474672583085, 0.7440771739694136, 0.7552856274797947, 0.7658806654471385, 0.7750354635564587, 0.7828276693066464, 0.7873963072330137, 0.7963581983047195, 0.8024854335603835, 0.8079903684084928, 0.8110474996928927, 0.8179817652400536, 0.8215828967999809, 0.8251517950734005, 0.8240658067449739, 0.8255861876886103, 0.8276264735415012, 0.8282185340229469, 0.8278073925006239]
}