{
	"train_kt_acc_single": [0.7283318086043417, 0.7283318086043417, 0.7283318086043417, 0.7283318086043417, 0.7283318086043417, 0.7283318086043417, 0.7283318086043417, 0.7283318086043417, 0.7283318086043417, 0.7283318086043417, 0.7283318086043417, 0.7283318086043417, 0.7283318086043417, 0.7283318086043417, 0.7286456526990709, 0.7286456526990709, 0.7286456526990709, 0.7286456526990709, 0.7286456526990709, 0.7286456526990709, 0.7286456526990709, 0.7286456526990709, 0.7286456526990709, 0.7286456526990709, 0.7286456526990709],
	"train_kt_acc_every": [0.030027932960893854, 0.030027932960893854, 0.030027932960893854, 0.030027932960893854, 0.030027932960893854, 0.030027932960893854, 0.030027932960893854, 0.030027932960893854, 0.030027932960893854, 0.030027932960893854, 0.030027932960893854, 0.030027932960893854, 0.030027932960893854, 0.030027932960893854, 0.029329608938547486, 0.029329608938547486, 0.029329608938547486, 0.029329608938547486, 0.029329608938547486, 0.029329608938547486, 0.029329608938547486, 0.029329608938547486, 0.029329608938547486, 0.029329608938547486, 0.029329608938547486],
	"train_kt_acc_right": [1.0, 1.0, 1.0, 1.0, 1.0, 1.0, 1.0, 1.0, 1.0, 1.0, 1.0, 1.0, 1.0, 1.0, 0.9979529833660445, 0.9979529833660445, 0.9979529833660445, 0.9979529833660445, 0.9979529833660445, 0.9979529833660445, 0.9979529833660445, 0.9979529833660445, 0.9979529833660445, 0.9979529833660445, 0.9979529833660445],
	"train_kt_acc_wrong": [0.4169050624916673, 0.4169050624916673, 0.4169050624916673, 0.4169050624916673, 0.4169050624916673, 0.4169050624916673, 0.4169050624916673, 0.4169050624916673, 0.4169050624916673, 0.4169050624916673, 0.4169050624916673, 0.4169050624916673, 0.4169050624916673, 0.4169050624916673, 0.42041135267172447, 0.42041135267172447, 0.42041135267172447, 0.42041135267172447, 0.42041135267172447, 0.42041135267172447, 0.42041135267172447, 0.42041135267172447, 0.42041135267172447, 0.42041135267172447, 0.42041135267172447],
	"test_kt_acc_single": [0.7351933906349954, 0.7351933906349954, 0.7351933906349954, 0.7351933906349954, 0.7351933906349954, 0.7351933906349954, 0.7351933906349954, 0.7351933906349954, 0.7351933906349954, 0.7351933906349954, 0.7351933906349954, 0.7351933906349954, 0.7351933906349954, 0.7351933906349954, 0.7354580141321013, 0.7354580141321013, 0.7354580141321013, 0.7354580141321013, 0.7354580141321013, 0.7354580141321013, 0.7354580141321013, 0.7354580141321013, 0.7354580141321013, 0.7354580141321013, 0.7354580141321013],
	"test_kt_acc_every": [0.02689873417721519, 0.02689873417721519, 0.02689873417721519, 0.02689873417721519, 0.02689873417721519, 0.02689873417721519, 0.02689873417721519, 0.02689873417721519, 0.02689873417721519, 0.02689873417721519, 0.02689873417721519, 0.02689873417721519, 0.02689873417721519, 0.02689873417721519, 0.02610759493670886, 0.02610759493670886, 0.02610759493670886, 0.02610759493670886, 0.02610759493670886, 0.02610759493670886, 0.02610759493670886, 0.02610759493670886, 0.02610759493670886, 0.02610759493670886, 0.02610759493670886],
	"test_kt_acc_right": [1.0, 1.0, 1.0, 1.0, 1.0, 1.0, 1.0, 1.0, 1.0, 1.0, 1.0, 1.0, 1.0, 1.0, 0.9984267112574999, 0.9984267112574999, 0.9984267112574999, 0.9984267112574999, 0.9984267112574999, 0.9984267112574999, 0.9984267112574999, 0.9984267112574999, 0.9984267112574999, 0.9984267112574999, 0.9984267112574999],
	"test_kt_acc_wrong": [0.42865414634535587, 0.42865414634535587, 0.42865414634535587, 0.42865414634535587, 0.42865414634535587, 0.42865414634535587, 0.42865414634535587, 0.42865414634535587, 0.42865414634535587, 0.42865414634535587, 0.42865414634535587, 0.42865414634535587, 0.42865414634535587, 0.42865414634535587, 0.43127244182779817, 0.43127244182779817, 0.43127244182779817, 0.43127244182779817, 0.43127244182779817, 0.43127244182779817, 0.43127244182779817, 0.43127244182779817, 0.43127244182779817, 0.43127244182779817, 0.43127244182779817]
}