{
	"train_kt_acc_single": [0.8944935279185545, 0.8962678056855441, 0.8973372092460121, 0.8981830577610591, 0.8981728930047105, 0.8983179677132122, 0.8984232544898987, 0.898448359033915, 0.8985169440008408, 0.8985892237897691, 0.8985298325895598, 0.8985651964581879, 0.8986094181098085, 0.8986899839433212, 0.8988096284466749, 0.8988807331250367, 0.8987450133488831, 0.8987061028373974, 0.8988587216957987, 0.8990063117869074, 0.8990866804922093, 0.899161932854679, 0.8992580924620176, 0.8993470449021409, 0.8994203056703066],
	"train_kt_acc_every": [0.0013966480446927375, 0.0017458100558659217, 0.0017458100558659217, 0.0034916201117318434, 0.0034916201117318434, 0.0034916201117318434, 0.0034916201117318434, 0.0034916201117318434, 0.0034916201117318434, 0.0034916201117318434, 0.0034916201117318434, 0.0034916201117318434, 0.0034916201117318434, 0.0034916201117318434, 0.0034916201117318434, 0.0034916201117318434, 0.0034916201117318434, 0.0034916201117318434, 0.0034916201117318434, 0.0034916201117318434, 0.0034916201117318434, 0.0034916201117318434, 0.0034916201117318434, 0.0034916201117318434, 0.0034916201117318434],
	"train_kt_acc_right": [0.0016242996520417004, 0.05152227112492703, 0.10290644197157642, 0.15412552887833983, 0.17087376783679983, 0.18272895769699993, 0.18695698179013237, 0.19061756483669387, 0.19503591784052343, 0.2016499796726184, 0.20750834193476086, 0.21279494589267497, 0.21798649642554074, 0.2199553451891052, 0.2223598221160846, 0.22527788662710668, 0.2268216217862827, 0.22923809955905936, 0.23051310717726553, 0.23140740710929786, 0.232100817702669, 0.23299459530321578, 0.2330408099643345, 0.23323177450529023, 0.23387158133464153],
	"train_kt_acc_wrong": [0.9999532632987592, 0.9940324215915616, 0.9891518587506684, 0.9835826258419612, 0.9815353667935846, 0.980310257586687, 0.9797981085058031, 0.9793310698184221, 0.9787363456614191, 0.9779498453912788, 0.9770479415382087, 0.976474047373127, 0.9760079177398255, 0.9758965589480693, 0.9757857742256293, 0.9755053846529742, 0.9751780266202362, 0.9748768923002914, 0.9748859338920209, 0.9749376607340807, 0.974926459056705, 0.974970969407918, 0.9750617552735952, 0.9751428951764239, 0.9751445860836093],
	"test_kt_acc_single": [0.8949773236166073, 0.8967923537085328, 0.897856922089299, 0.8987127542495728, 0.8988180560401723, 0.8992345272740231, 0.8994743559933915, 0.8994543990002403, 0.8994849950452394, 0.8995915787129463, 0.8995199708998958, 0.8995299550551402, 0.8993830658212493, 0.8993804326540307, 0.8993452093269252, 0.8992348388780521, 0.8993298086938979, 0.8992081925838808, 0.8993445951727372, 0.899488818041886, 0.8995711486550826, 0.8996047490759741, 0.8996900003167647, 0.8997813267043874, 0.8997200667103634],
	"test_kt_acc_every": [0.0, 0.0007911392405063291, 0.0007911392405063291, 0.0015822784810126582, 0.0015822784810126582, 0.0015822784810126582, 0.0015822784810126582, 0.0015822784810126582, 0.0015822784810126582, 0.0015822784810126582, 0.0015822784810126582, 0.0015822784810126582, 0.0015822784810126582, 0.0015822784810126582, 0.0015822784810126582, 0.0015822784810126582, 0.0015822784810126582, 0.0015822784810126582, 0.0015822784810126582, 0.0015822784810126582, 0.0015822784810126582, 0.0015822784810126582, 0.0015822784810126582, 0.0015822784810126582, 0.0015822784810126582],
	"test_kt_acc_right": [0.00019263743938918368, 0.0519476339185634, 0.10277238540068458, 0.1520420230830772, 0.17057516982283774, 0.18356167619364172, 0.1878000177160094, 0.1906511442193502, 0.1951489456092255, 0.2022753256974341, 0.20796422792386404, 0.21307812687716907, 0.2170457813558699, 0.21847078241879428, 0.21993186636061607, 0.22257949053486692, 0.22590922385076934, 0.22774467721015593, 0.22942203302172165, 0.23035725913470304, 0.23047227535066725, 0.23259697137754173, 0.2327241829678982, 0.23300735350651078, 0.23289914466912234],
	"test_kt_acc_wrong": [0.9999606548985348, 0.993945313405387, 0.9891244882269751, 0.9836351486700999, 0.981594373908224, 0.9806296070919761, 0.9802045573162127, 0.979730412929873, 0.9790664171870751, 0.9782260369650925, 0.9773226870766168, 0.9767831571494476, 0.9762693002254148, 0.9761566942251181, 0.9759691365157501, 0.9755555753466449, 0.9753319809708414, 0.9750265909146659, 0.9750051339970359, 0.9750455859341199, 0.9750743847859057, 0.9750495583196229, 0.9751441938967644, 0.975237319741068, 0.9752129459682899]
}